,ethnicity,name,address,price_level,rating
0,chinese,Kitchen of Alameda,"1727 Webster St, Alameda",2,3.9
1,cuban,Jalisco Méxican Food,"1721 International Blvd, Oakland",,
2,czech,Cafe Prague,"424 Merchant St #2900, San Francisco",2,4.3
3,french,Cafe Jolie,"1500 Webster St, Alameda",2,4.5
4,german,Brotzeit Lokal,"1000 Embarcadero, Oakland",2,4.5
5,greek,Royal Egyptian Cuisine,"Webster and, 2nd St, Oakland",,
6,haitian,Miss Ollie's,"901 Washington St, Oakland",2,4.5
7,hungarian,Rosamunde Sausage Grill,"2832 Mission St, San Francisco",2,4.5
8,indian,India Palace,"737 Buena Vista Ave, Alameda",2,4.3
9,indonesian,Genghix Next,"2353 E 12th St, Oakland",1,5
10,irish,Sláinte Oakland,"131 Broadway, Oakland",2,4.6
11,israeli,Marhabah Cafe,"475 14th St Suite 110, Oakland",1,5
12,italian,Domenico's Italian Deli,"1407 Webster St, Alameda",1,4.8
13,japanese,Sushi Go Go,"1716 Webster St, Alameda",,
14,jewish,Wise Sons Jewish Deli,"1700 Franklin St, Oakland",,
15,korean,Koja Kitchen,"2680 Fifth St D, Alameda",1,4.2
16,lebanese,ALA Mediterranean Grill & Mezzes,"1504 Webster St, Alameda",,
17,mexican,Canasta Kitchen,"1544 Webster St, Alameda",,
18,new american,Chop Bar,"190 4th St, Oakland",2,4.4
19,pakistani,Biryani Kabab Halal Indian and Pakistani Cuisine,"377 13th St, Oakland",2,4.3
20,polish,Pushkin,"40 Belden Pl, San Francisco",1,4.8
21,russian,Pushkin,"40 Belden Pl, San Francisco",1,4.8
22,scandinavian,Kantine,"1906 Market St, San Francisco",2,4.6
23,scottish,Campain Scottish Restaurant,"2188 Greenwich St, San Francisco",,
24,soul food,Home of Chicken & Waffles,"444 Embarcadero West, Oakland",2,4.1
25,spanish,Canasta Kitchen,"1544 Webster St, Alameda",,
26,thai,Monkey Thai,"1930 Main St, Alameda",1,4.4
27,turkish,MOSAIC GREEK AND TURKISH FAST-FOOD CAFÉ,"468 3rd St, Oakland",1,4.8
28,ukrainian,Pushkin,"40 Belden Pl, San Francisco",1,4.8
29,vietnamese,Pho Anh Dao,"1919 Webster St, Alameda",1,4.5
