City_ID,City,Country,Date,Lat,Lng,Max Temp,Humidity,Cloudiness,Wind Speed
0,Yellowknife,CA,2022-02-04 06:10:03,62.456,-114.3525,-30.44,66,44,3.0
1,Marawi,PH,2022-02-04 06:14:42,7.9986,124.2928,72.64,79,100,3.36
2,Gazojak,TM,2022-02-04 06:14:43,41.1875,61.4036,44.29,49,94,16.6
3,Avarua,CK,2022-02-04 06:14:43,-21.2078,-159.775,78.85,83,20,14.97
4,Avera,US,2022-02-04 06:14:44,33.194,-82.5271,68.45,82,100,15.26
5,Pangnirtung,CA,2022-02-04 06:14:44,66.1451,-65.7125,-13.76,100,100,2.21
6,Hilo,US,2022-02-04 06:11:17,19.7297,-155.09,71.33,86,100,0.0
7,Saint George,US,2022-02-04 06:14:45,37.1041,-113.5841,38.25,37,1,1.99
8,Ambovombe,MG,2022-02-04 06:14:46,-25.1667,46.0833,81.52,64,13,13.35
9,Tashara,RU,2022-02-04 06:14:46,55.5195,83.5094,16.23,93,86,10.74
10,Barrow,US,2022-02-04 06:14:47,71.2906,-156.7887,-27.38,75,90,5.75
11,Bluff,NZ,2022-02-04 06:14:48,-46.6,168.3333,54.81,76,100,7.47
12,Akyab,MM,2022-02-04 06:14:48,20.15,92.9,77.07,46,0,8.57
13,Jamestown,US,2022-02-04 06:10:07,42.097,-79.2353,21.09,67,100,5.01
14,Albany,US,2022-02-04 06:14:26,42.6001,-73.9662,36.48,91,100,3.0
15,Mogadishu,SO,2022-02-04 06:14:49,2.0371,45.3438,79.88,66,52,20.71
16,Qaanaaq,GL,2022-02-04 06:14:49,77.484,-69.3632,-12.28,52,96,8.9
17,La Ronge,CA,2022-02-04 06:14:50,55.1001,-105.2842,-18.18,76,0,3.44
18,Mataura,NZ,2022-02-04 06:14:50,-46.1927,168.8643,54.48,99,100,2.86
19,Meulaboh,ID,2022-02-04 06:13:47,4.1363,96.1285,85.19,64,84,5.75
20,Vaini,TO,2022-02-04 06:14:54,-21.2,-175.2,77.16,94,75,10.36
21,Bredasdorp,ZA,2022-02-04 06:14:55,-34.5322,20.0403,63.72,59,100,3.44
22,Thompson,CA,2022-02-04 06:11:46,55.7435,-97.8558,-21.84,69,0,3.44
23,Dunedin,NZ,2022-02-04 06:09:58,-45.8742,170.5036,51.42,94,100,8.25
24,Kaitangata,NZ,2022-02-04 06:12:39,-46.2817,169.8464,49.01,95,100,6.4
25,Charlestown,AU,2022-02-04 06:11:27,-32.95,151.6667,73.08,75,27,4.0
26,Taltal,CL,2022-02-04 06:10:20,-25.4,-70.4833,65.46,79,0,0.74
27,Dikson,RU,2022-02-04 06:14:57,73.5069,80.5464,-10.34,97,100,2.8
28,Padang,ID,2022-02-04 06:14:57,-0.9492,100.3543,84.25,78,81,5.97
29,Nikolskoye,RU,2022-02-04 06:14:58,59.7035,30.7861,0.91,100,100,3.24
30,Matagami,CA,2022-02-04 06:14:58,49.7502,-77.6328,-30.89,75,1,2.3
31,Mitu,CO,2022-02-04 06:14:59,1.1983,-70.1733,69.82,97,47,0.43
32,Leningradskiy,RU,2022-02-04 06:14:59,69.3833,178.4167,-10.64,83,6,5.21
33,Lorengau,PG,2022-02-04 06:15:00,-2.0226,147.2712,83.89,63,100,9.13
34,Cidreira,BR,2022-02-04 06:11:21,-30.1811,-50.2056,75.0,91,91,14.07
35,Pacifica,US,2022-02-04 06:13:57,37.6138,-122.4869,54.45,81,20,1.01
36,Ushuaia,AR,2022-02-04 06:10:11,-54.8,-68.3,34.11,91,52,2.98
37,Pacific Grove,US,2022-02-04 06:13:27,36.6177,-121.9166,51.31,85,0,1.99
38,San Antonio,US,2022-02-04 06:10:26,29.4241,-98.4936,26.19,76,0,4.0
39,Busselton,AU,2022-02-04 06:15:01,-33.65,115.3333,102.04,35,38,11.1
40,Allapalli,IN,2022-02-04 06:15:02,19.4167,80.0667,83.75,23,7,6.35
41,Rikitea,PF,2022-02-04 06:15:02,-23.1203,-134.9692,77.88,78,100,15.32
42,Cabo San Lucas,MX,2022-02-04 06:10:59,22.8909,-109.9124,64.51,64,51,4.85
43,Saint Pete Beach,US,2022-02-04 06:15:03,27.7253,-82.7412,68.0,82,0,0.0
44,New Norfolk,AU,2022-02-04 06:15:04,-42.7826,147.0587,70.88,41,4,3.0
45,Truro,GB,2022-02-04 06:15:17,50.2653,-5.0544,45.36,93,90,20.71
46,Codrington,AU,2022-02-04 06:16:04,-38.2667,141.9667,66.52,64,68,16.49
47,Kapaa,US,2022-02-04 06:13:44,22.0752,-159.319,71.92,59,1,5.75
48,Coihaique,CL,2022-02-04 06:16:05,-45.5752,-72.0662,51.75,82,0,2.3
49,Bambanglipuro,ID,2022-02-04 06:16:06,-7.95,110.2833,85.71,65,90,7.0
50,Namatanai,PG,2022-02-04 06:16:06,-3.6667,152.4333,82.76,74,93,11.3
51,Hermanus,ZA,2022-02-04 06:16:07,-34.4187,19.2345,65.89,63,85,11.21
52,Port Hardy,CA,2022-02-04 06:15:17,50.6996,-127.4199,46.76,93,75,16.11
53,Guarda,PT,2022-02-04 06:14:14,40.5373,-7.2658,38.07,94,100,2.89
54,Castro,BR,2022-02-04 06:16:08,-24.7911,-50.0119,64.29,98,99,2.66
55,Boyolangu,ID,2022-02-04 06:16:08,-8.1181,111.8935,86.54,63,100,6.93
56,Port Alfred,ZA,2022-02-04 06:16:09,-33.5906,26.891,70.92,69,90,13.6
57,Lucenec,SK,2022-02-04 06:16:09,48.3325,19.6671,36.18,95,100,1.99
58,Cape Town,ZA,2022-02-04 06:13:19,-33.9258,18.4232,66.11,61,0,3.0
59,Georgetown,MY,2022-02-04 06:15:06,5.4112,100.3354,93.13,55,20,9.22
60,Puerto Ayora,EC,2022-02-04 06:12:55,-0.7393,-90.3518,74.55,93,6,5.08
61,Airai,TL,2022-02-04 06:16:11,-8.9266,125.4092,70.74,74,86,4.21
62,Vao,NC,2022-02-04 06:16:11,-22.6667,167.4833,78.21,89,96,23.8
63,Hobart,AU,2022-02-04 06:13:40,-42.8794,147.3294,71.22,54,20,1.01
64,Tabuk,PH,2022-02-04 06:16:12,17.4189,121.4443,81.12,69,66,7.63
65,Ribeira Grande,PT,2022-02-04 06:16:13,38.5167,-28.7,58.14,77,100,15.88
66,East London,ZA,2022-02-04 06:16:14,-33.0153,27.9116,70.74,73,0,12.66
67,Laguna,US,2022-02-04 06:16:14,38.421,-121.4238,50.5,80,0,0.0
68,Sabang,ID,2022-02-04 06:16:15,5.8933,95.3214,82.69,73,62,17.96
69,Crema,IT,2022-02-04 06:16:15,45.3588,9.6683,47.66,92,100,2.66
70,Bambous Virieux,MU,2022-02-04 06:16:16,-20.3428,57.7575,83.21,89,75,23.02
71,Khatanga,RU,2022-02-04 06:16:16,71.9667,102.5,-31.43,100,91,3.91
72,Encruzilhada Do Sul,BR,2022-02-04 06:16:16,-30.5439,-52.5219,67.98,94,100,2.24
73,Muroto,JP,2022-02-04 06:16:17,33.2833,134.15,51.84,40,31,10.42
74,Aykhal,RU,2022-02-04 06:16:17,66.0,111.5,-16.92,100,78,2.13
75,Voi,KE,2022-02-04 06:16:18,-3.3945,38.563,77.67,70,96,6.62
76,Tuktoyaktuk,CA,2022-02-04 06:16:18,69.4541,-133.0374,-25.6,75,0,9.22
77,Saskylakh,RU,2022-02-04 06:15:05,71.9167,114.0833,-13.34,98,100,2.98
78,Atuona,PF,2022-02-04 06:16:19,-9.8,-139.0333,78.66,73,3,19.3
79,Longyearbyen,SJ,2022-02-04 06:13:56,78.2186,15.6401,15.64,73,75,11.5
80,Taos,US,2022-02-04 06:16:20,36.4072,-105.5731,1.45,77,0,1.99
81,Punta Arenas,CL,2022-02-04 06:12:46,-53.15,-70.9167,42.12,70,75,10.36
82,Lavrentiya,RU,2022-02-04 06:13:41,65.5833,-171.0,4.32,49,0,25.68
83,Severo-Kurilsk,RU,2022-02-04 06:16:21,50.6789,156.125,30.07,87,100,7.34
84,Ozerki,RU,2022-02-04 06:16:21,57.6167,39.8833,10.42,85,100,0.0
85,Kavieng,PG,2022-02-04 06:16:22,-2.5744,150.7967,83.53,70,60,8.55
86,Saint-Philippe,RE,2022-02-04 06:16:22,-21.3585,55.7679,80.19,93,100,33.08
87,Boralday,KZ,2022-02-04 06:16:23,43.3578,76.8594,22.86,93,100,2.24
88,Cherskiy,RU,2022-02-04 06:16:23,68.75,161.3,-31.81,99,31,2.93
89,Svetlaya,RU,2022-02-04 06:16:24,46.5389,138.3297,18.37,54,37,3.27
90,Luruaco,CO,2022-02-04 06:17:24,10.6092,-75.1431,80.22,86,0,9.82
91,Hvide Sande,DK,2022-02-04 06:17:24,56.0045,8.1294,45.18,93,100,26.75
92,Lodja,CD,2022-02-04 06:17:25,-3.4833,23.4333,68.99,90,100,1.03
93,Torbay,CA,2022-02-04 06:17:25,47.6666,-52.7314,40.26,91,100,19.57
94,Shitanjing,CN,2022-02-04 06:17:26,39.2342,106.3439,19.71,27,1,1.81
95,Freilassing,DE,2022-02-04 06:17:27,47.85,12.9833,39.56,97,20,3.44
96,Bluefield,US,2022-02-04 06:17:27,37.2698,-81.2223,58.14,81,75,3.0
97,San Vicente De Canete,PE,2022-02-04 06:17:28,-13.0751,-76.3835,70.79,81,42,2.77
98,Kon Tum,VN,2022-02-04 06:17:28,14.35,108.0,84.74,40,24,10.31
99,Saint-Joseph,RE,2022-02-04 06:17:29,-21.3667,55.6167,79.18,89,100,27.22
100,Kayerkan,RU,2022-02-04 06:17:29,69.3497,87.7602,-11.72,97,59,6.15
101,Mizan Teferi,ET,2022-02-04 06:17:30,6.9833,35.5833,74.64,45,100,1.21
102,Athabasca,CA,2022-02-04 06:15:07,54.7169,-113.2854,-7.91,87,100,8.52
103,Pevek,RU,2022-02-04 06:17:30,69.7008,170.3133,-20.0,100,89,2.33
104,Sioux Lookout,CA,2022-02-04 06:17:31,50.1001,-91.917,-9.02,77,75,4.61
105,Nanortalik,GL,2022-02-04 06:17:31,60.1432,-45.2371,25.32,90,100,21.07
106,Namibe,AO,2022-02-04 06:17:32,-15.1961,12.1522,71.13,75,39,3.98
107,Katsuura,JP,2022-02-04 06:17:32,35.1333,140.3,46.51,68,99,5.32
108,Safaga,EG,2022-02-04 06:17:33,26.7292,33.9365,58.14,46,1,13.69
109,Eyl,SO,2022-02-04 06:17:33,7.9803,49.8164,78.06,54,4,17.34
110,Guarapuava,BR,2022-02-04 06:17:34,-25.3953,-51.4581,63.59,100,100,2.73
111,Ilulissat,GL,2022-02-04 06:17:34,69.2167,-51.1,17.62,73,40,13.8
112,Norman Wells,CA,2022-02-04 06:17:35,65.282,-126.8329,-45.36,59,20,3.44
113,Sibolga,ID,2022-02-04 06:17:37,1.7427,98.7792,80.85,81,75,3.04
114,Akranes,IS,2022-02-04 06:17:37,64.3218,-22.0749,28.96,67,76,16.11
115,Pozo Colorado,PY,2022-02-04 06:17:37,-23.4923,-58.7972,78.64,75,60,6.33
116,Touros,BR,2022-02-04 06:17:38,-5.1989,-35.4608,77.9,76,55,12.93
117,Hithadhoo,MV,2022-02-04 06:17:38,-0.6,73.0833,82.11,73,100,10.83
118,Romny,UA,2022-02-04 06:17:39,50.751,33.4747,17.02,95,95,10.0
119,Colares,PT,2022-02-04 06:17:39,38.7992,-9.4469,53.89,75,99,1.01
120,Qasigiannguit,GL,2022-02-04 06:17:40,68.8193,-51.1922,17.85,96,100,2.35
121,Price,US,2022-02-04 06:17:40,39.5994,-110.8107,18.12,67,0,5.75
122,Lompoc,US,2022-02-04 06:17:41,34.6391,-120.4579,50.56,93,0,4.61
123,Argentan,FR,2022-02-04 06:17:42,48.75,-0.0167,45.32,85,99,10.4
124,Praxedis Guerrero,MX,2022-02-04 06:17:43,31.3667,-106.0167,27.28,64,11,7.74
125,Sola,VU,2022-02-04 06:17:43,-13.8833,167.55,81.27,78,100,0.0
126,Waingapu,ID,2022-02-04 06:13:56,-9.6567,120.2641,88.02,64,67,16.58
127,Butaritari,KI,2022-02-04 06:17:44,3.0707,172.7902,82.56,75,6,15.57
128,Sitka,US,2022-02-04 06:17:45,57.0531,-135.33,46.29,76,100,21.85
129,Zeya,RU,2022-02-04 06:17:46,53.75,127.2667,4.55,55,51,6.6
130,Diplo,PK,2022-02-04 06:17:46,24.4667,69.584,74.5,33,0,12.48
131,Vestmannaeyjar,IS,2022-02-04 06:14:22,63.4427,-20.2734,29.03,68,17,32.08
132,San Juan De La Maguana,DO,2022-02-04 06:17:47,18.8059,-71.2299,65.34,91,15,3.8
133,Mahebourg,MU,2022-02-04 06:15:51,-20.4081,57.7,83.25,89,75,23.02
134,Caxito,AO,2022-02-04 06:17:48,-8.5785,13.6643,73.63,82,100,3.69
135,Ekhabi,RU,2022-02-04 06:17:48,53.5102,142.9671,3.81,91,100,21.34
136,Petropavlovsk-Kamchatskiy,RU,2022-02-04 06:18:49,53.0452,158.6483,28.99,51,75,15.66
137,Lagoa,PT,2022-02-04 06:18:37,39.05,-27.9833,57.34,80,87,11.12
138,Presidencia Roque Saenz Pena,AR,2022-02-04 06:18:50,-26.7852,-60.4388,71.91,85,9,4.79
139,Conde,BR,2022-02-04 06:18:50,-7.2597,-34.9075,74.66,94,20,2.3
140,Provideniya,RU,2022-02-04 06:18:51,64.3833,-173.3,0.84,64,4,22.06
141,Kalas,IN,2022-02-04 06:18:51,18.1667,74.8,74.35,41,52,7.31
142,Sorland,NO,2022-02-04 06:18:52,67.667,12.6934,26.67,95,100,27.09
143,Pisco,PE,2022-02-04 06:18:52,-13.7,-76.2167,68.05,77,0,10.36
144,Ambilobe,MG,2022-02-04 06:18:52,-13.2,49.05,80.91,82,99,11.52
145,Sao Felix Do Xingu,BR,2022-02-04 06:18:53,-6.6447,-51.995,69.55,95,13,0.72
146,Bethel,US,2022-02-04 06:18:53,41.3712,-73.414,51.89,92,100,1.01
147,Atar,MR,2022-02-04 06:18:54,20.5169,-13.0499,62.47,19,3,7.0
148,Paamiut,GL,2022-02-04 06:18:54,61.994,-49.6678,18.21,83,100,25.12
149,Destin,US,2022-02-04 06:14:17,30.3935,-86.4958,72.05,92,100,9.22
150,Catamarca,AR,2022-02-04 06:18:55,-28.4696,-65.7852,70.05,75,0,8.32
151,Vila Franca Do Campo,PT,2022-02-04 06:18:56,37.7167,-25.4333,59.2,80,89,10.54
152,Sar-E Pul,AF,2022-02-04 06:18:56,35.8333,66.1667,42.37,47,59,5.28
153,Port Blair,IN,2022-02-04 06:18:57,11.6667,92.75,82.44,69,40,10.36
154,Balykshi,KZ,2022-02-04 06:18:57,47.0667,51.8667,33.8,86,100,22.37
155,Ahuimanu,US,2022-02-04 06:17:11,21.4447,-157.8378,73.11,75,40,1.99
156,Alice Springs,AU,2022-02-04 06:14:54,-23.7,133.8833,78.35,27,58,14.97
157,Hirara,JP,2022-02-04 06:18:58,24.8,125.2833,66.06,88,75,23.02
158,Banda Aceh,ID,2022-02-04 06:18:59,5.5577,95.3222,86.41,63,60,8.61
159,Ahipara,NZ,2022-02-04 06:18:59,-35.1667,173.1667,73.87,81,59,13.53
160,Akaltara,IN,2022-02-04 06:19:01,22.0167,82.4333,75.42,51,11,7.87
161,Herat,AF,2022-02-04 06:19:01,34.5,62.0,47.23,22,87,7.92
162,Cayenne,GF,2022-02-04 06:15:18,4.9333,-52.3333,79.09,87,40,4.0
163,Itarema,BR,2022-02-04 06:19:02,-2.9248,-39.9167,76.78,87,89,8.21
164,Bayshore Gardens,US,2022-02-04 06:19:02,27.4253,-82.5904,67.98,75,0,8.05
165,Pilar,BR,2022-02-04 06:19:03,-9.5972,-35.9567,75.13,80,91,4.18
166,Rezina,MD,2022-02-04 06:19:03,47.7492,28.9622,25.02,89,48,4.68
167,Ballarat,AU,2022-02-04 06:14:37,-37.5662,143.8496,70.16,37,2,10.18
168,Lebu,CL,2022-02-04 06:19:04,-37.6167,-73.65,58.93,96,16,12.01
169,Karratha,AU,2022-02-04 06:19:04,-20.7377,116.8463,93.49,43,57,13.87
170,Chuy,UY,2022-02-04 06:19:05,-33.6971,-53.4616,69.3,96,100,5.82
171,Puerto Cabello,VE,2022-02-04 06:19:05,10.4731,-68.0125,76.41,82,67,7.07
172,Reyes,BO,2022-02-04 06:19:06,-14.3167,-67.3833,73.9,92,32,4.54
173,Alihe,CN,2022-02-04 06:19:06,50.5667,123.7167,8.13,52,57,9.24
174,Amos,CA,2022-02-04 06:19:07,48.5669,-78.1162,-18.13,100,51,2.91
175,Port Elizabeth,ZA,2022-02-04 06:19:07,-33.918,25.5701,68.29,73,100,12.66
176,Caravelas,BR,2022-02-04 06:19:08,-17.7125,-39.2481,75.51,90,98,4.36
177,Salalah,OM,2022-02-04 06:19:08,17.0151,54.0924,82.49,23,0,12.66
178,Irtyshskiy,RU,2022-02-04 06:19:09,58.3333,68.1333,29.34,96,100,9.82
179,Tindivanam,IN,2022-02-04 06:19:09,12.25,79.65,83.59,51,19,4.29
180,Brae,GB,2022-02-04 06:19:09,60.3964,-1.353,39.11,55,95,35.95
181,Yangjiang,CN,2022-02-04 06:19:10,21.85,111.9667,56.95,63,100,8.16
182,Cabedelo,BR,2022-02-04 06:20:10,-6.9811,-34.8339,75.87,72,99,11.97
183,Luderitz,NA,2022-02-04 06:20:11,-26.6481,15.1594,70.61,64,2,10.42
184,Sao Filipe,CV,2022-02-04 06:20:11,14.8961,-24.4956,72.79,73,0,5.53
185,Puerto Escondido,MX,2022-02-04 06:20:12,15.85,-97.0667,73.96,75,0,4.7
186,Upernavik,GL,2022-02-04 06:20:12,72.7868,-56.1549,5.76,70,100,1.95
187,Inhambane,MZ,2022-02-04 06:20:13,-23.865,35.3833,82.76,69,3,6.22
188,Salinopolis,BR,2022-02-04 06:20:13,-0.6136,-47.3561,77.56,87,100,9.31
189,Fortuna,US,2022-02-04 06:20:14,40.5982,-124.1573,43.93,94,100,0.0
190,Oxbow,CA,2022-02-04 06:20:14,49.2333,-102.1676,-16.65,92,54,12.57
191,Tasiilaq,GL,2022-02-04 06:19:20,65.6145,-37.6368,10.56,59,92,5.77
192,Lovrenc Na Pohorju,SI,2022-02-04 06:20:15,46.5406,15.3931,35.1,91,81,5.77
193,Kashi,CN,2022-02-04 06:20:15,39.4547,75.9797,33.01,27,0,8.95
194,Ponta Do Sol,PT,2022-02-04 06:20:16,32.6667,-17.1,66.0,75,12,2.68
195,Victoria,HK,2022-02-04 06:18:34,22.2855,114.1577,66.25,69,59,1.01
196,Esperance,AU,2022-02-04 06:20:16,-33.8667,121.9,79.79,49,8,17.85
197,Hambantota,LK,2022-02-04 06:20:17,6.1241,81.1185,83.17,65,26,4.94
198,Kodiak,US,2022-02-04 06:20:17,57.79,-152.4072,36.91,93,100,10.36
199,Bama,NG,2022-02-04 06:20:18,11.5221,13.6856,60.84,53,32,5.37
200,Yulara,AU,2022-02-04 06:17:32,-25.2406,130.9889,85.84,17,68,19.57
201,Havre-Saint-Pierre,CA,2022-02-04 06:20:19,50.2334,-63.5986,3.56,66,75,12.66
202,Acari,PE,2022-02-04 06:20:19,-15.4311,-74.6158,71.71,79,30,3.04
203,Otane,NZ,2022-02-04 06:20:19,-39.8833,176.6333,86.38,42,1,5.21
204,Hammerfest,NO,2022-02-04 06:20:20,70.6634,23.6821,14.45,79,40,18.41
205,Letka,RU,2022-02-04 06:20:20,59.6011,49.4232,5.4,99,98,1.81
206,Kjopsvik,NO,2022-02-04 06:20:21,68.097,16.3742,24.67,79,100,13.65
207,Isangel,VU,2022-02-04 06:17:17,-19.55,169.2667,80.71,94,75,0.0
208,General Roca,AR,2022-02-04 06:20:22,-39.0333,-67.5833,66.6,53,100,10.8
209,Ilhabela,BR,2022-02-04 06:15:36,-23.7781,-45.3581,75.78,92,90,8.66
210,Yook,PH,2022-02-04 06:20:22,13.2261,121.964,78.73,86,100,10.8
211,Danielskuil,ZA,2022-02-04 06:20:24,-28.1887,23.5395,67.3,51,1,8.5
212,Neiafu,TO,2022-02-04 06:20:25,-18.65,-173.9833,79.48,89,75,6.91
213,Lukulu,ZM,2022-02-04 06:20:25,-14.3707,23.242,64.8,97,100,4.7
214,Mar Del Plata,AR,2022-02-04 06:20:26,-38.0023,-57.5575,66.87,95,100,0.0
215,Mpika,ZM,2022-02-04 06:19:10,-11.8343,31.4529,62.85,98,100,5.97
216,Kruisfontein,ZA,2022-02-04 06:20:26,-34.0033,24.7314,65.88,69,81,8.88
217,Tias,ES,2022-02-04 06:20:27,28.9611,-13.645,65.95,64,100,5.75
218,Yongan,CN,2022-02-04 06:20:27,39.6957,113.6871,17.44,37,1,12.39
219,Gorinchem,NL,2022-02-04 06:20:28,51.8365,4.9724,47.98,85,100,8.01
220,Lipari,IT,2022-02-04 06:20:28,38.4674,14.954,51.78,53,36,10.42
221,Vila Velha,BR,2022-02-04 06:16:52,-20.3297,-40.2925,75.15,92,75,5.99
222,Tromso,NO,2022-02-04 06:16:29,69.6496,18.957,21.22,49,0,14.97
223,Chokurdakh,RU,2022-02-04 06:20:29,70.6333,147.9167,-29.16,100,62,0.83
224,Colchester,GB,2022-02-04 06:17:28,51.8892,0.9042,50.04,86,100,19.62
225,Rocha,UY,2022-02-04 06:20:30,-34.4833,-54.3333,70.14,96,100,10.63
226,Arlit,NE,2022-02-04 06:20:30,18.7369,7.3853,53.08,22,29,6.15
227,Rio Gallegos,AR,2022-02-04 06:20:31,-51.6226,-69.2181,44.65,65,75,9.22
228,Sambava,MG,2022-02-04 06:20:31,-14.2667,50.1667,82.27,65,99,2.77
229,Panguna,PG,2022-02-04 06:21:32,-6.3164,155.4848,74.97,82,100,1.57
230,Perth,AU,2022-02-04 06:19:28,-31.9333,115.8333,106.02,12,0,9.22
231,Naze,JP,2022-02-04 06:21:32,28.3667,129.4833,54.52,69,98,18.05
232,Myitkyina,MM,2022-02-04 06:21:33,25.3833,97.4,76.46,35,37,3.69
233,Belyy Yar,RU,2022-02-04 06:21:33,53.6039,91.3903,-4.11,77,90,0.0
234,Obo,CF,2022-02-04 06:21:33,5.3998,26.4869,77.41,26,100,4.43
235,Antioch,TR,2022-02-04 06:21:34,36.2066,36.1572,46.22,96,100,5.91
236,Ocara,BR,2022-02-04 06:21:34,-4.4908,-38.5967,72.7,94,77,1.1
237,Parkes,AU,2022-02-04 06:21:35,-33.1333,148.1833,79.36,29,2,3.0
238,Anadyr,RU,2022-02-04 06:21:35,64.75,177.4833,14.5,52,3,31.32
239,Derbent,RU,2022-02-04 06:21:36,42.0678,48.2899,42.17,92,97,3.69
240,Fuyu,CN,2022-02-04 06:21:36,45.1833,124.8167,8.22,74,26,9.62
241,Sinjar,IQ,2022-02-04 06:21:37,36.3209,41.8754,45.25,65,45,10.63
242,Talikota,IN,2022-02-04 06:21:37,16.4833,76.3167,78.64,25,37,8.08
243,Road Town,VG,2022-02-04 06:18:01,18.4167,-64.6167,75.29,76,92,17.74
244,Bayanday,RU,2022-02-04 06:21:38,53.0661,105.5139,6.89,86,97,5.53
245,Ryde,GB,2022-02-04 06:21:39,50.73,-1.1621,50.67,93,99,5.99
246,Taoudenni,ML,2022-02-04 06:21:39,22.6783,-3.9836,59.38,21,14,10.0
247,Bundaberg,AU,2022-02-04 06:21:39,-24.85,152.35,84.22,58,93,7.0
248,Kadur,IN,2022-02-04 06:21:40,13.5533,76.0131,79.63,34,52,2.95
249,Acajutla,SV,2022-02-04 06:21:40,13.5928,-89.8275,73.8,79,0,6.31
250,Snihurivka,UA,2022-02-04 06:21:41,47.0758,32.8052,26.58,71,42,12.64
251,Berdigestyakh,RU,2022-02-04 06:21:41,62.0989,126.6992,-12.35,94,99,4.94
252,Lukovetskiy,RU,2022-02-04 06:21:42,64.2956,41.9211,4.98,99,92,0.89
253,Miyako,JP,2022-02-04 06:21:42,39.6367,141.9525,35.31,47,79,7.05
254,Saint-Pierre,RE,2022-02-04 06:21:43,-21.3393,55.4781,80.28,69,75,20.71
255,Aripuana,BR,2022-02-04 06:21:43,-9.1667,-60.6333,71.37,99,96,1.34
256,Fengzhen,CN,2022-02-04 06:21:44,40.4394,113.1536,16.72,38,5,13.98
257,Smidovich,RU,2022-02-04 06:21:44,48.6,133.8167,-2.97,91,42,4.16
258,Maldonado,UY,2022-02-04 06:21:45,-34.6667,-54.9167,73.13,96,100,6.08
259,Aljezur,PT,2022-02-04 06:21:45,37.3191,-8.8033,56.53,56,97,5.97
260,Chernyshkovskiy,RU,2022-02-04 06:21:46,48.4219,42.2308,33.22,98,100,10.22
261,Robertson,US,2022-02-04 06:21:46,36.5167,-86.8667,32.11,94,100,10.36
262,Klaksvik,FO,2022-02-04 06:18:43,62.2266,-6.589,34.72,95,95,43.08
263,La Asuncion,VE,2022-02-04 06:21:47,11.0333,-63.8628,76.73,88,2,12.66
264,Burns Lake,CA,2022-02-04 06:21:47,54.2331,-125.7533,22.42,100,100,4.81
265,Carnarvon,AU,2022-02-04 06:21:48,-24.8667,113.6333,93.83,39,26,13.4
266,Cedral,MX,2022-02-04 06:21:48,23.8,-100.7333,60.19,42,100,3.91
267,Kamiiso,JP,2022-02-04 06:21:49,41.8167,140.65,25.18,80,75,16.11
268,Palmer,US,2022-02-04 06:21:49,42.1584,-72.3287,51.28,88,100,1.01
269,Mabaruma,GY,2022-02-04 06:21:50,8.2,-59.7833,72.25,93,49,3.56
270,Zamania,IN,2022-02-04 06:21:50,25.4333,83.5667,69.48,64,36,5.06
271,Uray,RU,2022-02-04 06:21:51,60.1247,64.7758,25.47,95,100,7.43
272,Quang Ngai,VN,2022-02-04 06:21:51,15.1167,108.8,71.37,85,96,8.81
273,Buin,CL,2022-02-04 06:21:51,-33.7333,-70.75,67.73,80,1,1.14
274,Mantua,IT,2022-02-04 06:21:52,45.1667,10.7833,46.71,89,79,2.51
275,Doctor Juan Leon Mallorquin,PY,2022-02-04 06:22:52,-25.4,-55.2667,72.12,99,100,5.37
276,Sorong,ID,2022-02-04 06:22:53,-0.8833,131.25,84.85,69,66,9.26
277,Aloleng,PH,2022-02-04 06:22:53,16.1307,119.7824,83.59,65,10,15.32
278,Belchatow,PL,2022-02-04 06:22:54,51.3688,19.3567,38.05,87,100,8.9
279,Coria,ES,2022-02-04 06:22:54,39.9879,-6.5377,40.44,81,100,0.47
280,Alofi,NU,2022-02-04 06:22:54,-19.0595,-169.9187,75.09,100,100,12.66
281,Smoky Lake,CA,2022-02-04 06:22:55,54.1169,-112.4686,-4.52,77,100,6.91
282,Aswan,EG,2022-02-04 06:22:55,24.0934,32.907,56.73,36,0,11.7
283,Kamenka,RU,2022-02-04 06:22:56,51.3223,42.7678,25.75,97,100,8.61
284,Haines Junction,CA,2022-02-04 06:22:56,60.7522,-137.5108,-0.45,71,100,1.14
285,Bitung,ID,2022-02-04 06:22:57,1.4451,125.1824,79.65,76,100,9.06
286,Jalu,LY,2022-02-04 06:22:57,29.0331,21.5482,49.48,65,13,11.16
287,Berlevag,NO,2022-02-04 06:22:58,70.8578,29.0864,15.75,62,0,14.97
288,Constitucion,CL,2022-02-04 06:20:08,-35.3333,-72.4167,57.18,94,44,4.27
289,Whitecourt,CA,2022-02-04 06:22:59,54.1502,-115.6855,1.22,97,100,6.62
290,Beira,MZ,2022-02-04 06:22:59,-19.8436,34.8389,80.69,83,40,9.22
291,Khandyga,RU,2022-02-04 06:23:00,62.6667,135.6,-25.47,97,82,1.12
292,Kwinana,AU,2022-02-04 06:23:00,-32.25,115.7667,107.15,37,65,14.34
293,Galesong,ID,2022-02-04 06:23:01,-5.3166,119.3661,87.82,69,85,11.63
294,Vanimo,PG,2022-02-04 06:23:01,-2.6741,141.3028,85.06,66,75,5.79
295,Te Anau,NZ,2022-02-04 06:20:10,-45.4167,167.7167,49.3,96,100,5.1
296,Novyy Urgal,RU,2022-02-04 06:23:02,51.0736,132.5642,-2.94,86,91,1.86
297,Nara,JP,2022-02-04 06:23:02,34.6851,135.8049,49.96,36,49,9.78
298,Saint-Felicien,CA,2022-02-04 06:23:03,48.6501,-72.4491,-3.32,59,100,5.75
299,Vardo,NO,2022-02-04 06:23:03,70.3705,31.1107,19.6,65,100,15.3
300,Thinadhoo,MV,2022-02-04 06:23:04,0.5333,72.9333,82.29,70,88,8.63
301,San Patricio,US,2022-02-04 06:23:04,28.017,-97.5169,33.89,75,65,16.33
302,Riyadh,SA,2022-02-04 06:23:05,24.6877,46.7219,68.14,36,0,5.75
303,Esmeraldas,BR,2022-02-04 06:23:05,-19.7625,-44.3139,70.11,95,98,3.33
304,Guerrero Negro,MX,2022-02-04 06:18:39,27.9769,-114.0611,55.53,33,0,9.78
305,Bakchar,RU,2022-02-04 06:23:06,57.0186,82.0711,14.88,88,88,10.92
306,Butia,BR,2022-02-04 06:19:36,-30.1197,-51.9622,70.09,96,100,4.03
307,Gushikawa,JP,2022-02-04 06:23:07,26.3544,127.8686,61.83,77,75,9.22
308,Lufilufi,WS,2022-02-04 06:23:07,-13.8745,-171.5986,78.58,75,100,7.96
309,Margate,GB,2022-02-04 06:20:57,51.3813,1.3862,49.96,80,88,24.29
310,Benguela,AO,2022-02-04 06:18:20,-12.5763,13.4055,73.67,74,75,1.97
311,Murowana Goslina,PL,2022-02-04 06:23:08,52.5746,17.0093,42.24,98,100,7.52
312,Kristiinankaupunki,FI,2022-02-04 06:23:08,62.2743,21.376,24.01,88,100,18.75
313,Clyde River,CA,2022-02-04 06:23:09,70.4692,-68.5914,-5.57,84,100,33.38
314,Poitiers,FR,2022-02-04 06:21:34,46.5833,0.3333,45.79,69,100,10.36
315,Maragogi,BR,2022-02-04 06:23:03,-9.0122,-35.2225,80.01,66,99,7.45
316,Kutum,SD,2022-02-04 06:21:19,14.2,24.6667,54.93,21,27,16.26
317,Narrabri,AU,2022-02-04 06:23:10,-30.3167,149.7833,80.69,34,37,17.27
318,Huarmey,PE,2022-02-04 06:23:10,-10.0681,-78.1522,70.9,82,41,7.4
319,Seguin,US,2022-02-04 06:21:45,29.5688,-97.9647,26.46,78,0,5.99
320,Erenhot,CN,2022-02-04 06:20:43,43.6475,111.9767,9.55,67,9,9.8
321,South Lake Tahoe,US,2022-02-04 06:23:11,38.9332,-119.9844,31.87,62,0,3.44
322,Santa Maria,BR,2022-02-04 06:24:12,-29.6842,-53.8069,70.68,94,100,2.17
323,Roald,NO,2022-02-04 06:24:12,62.5833,6.1333,37.54,75,20,19.57
324,Narsaq,GL,2022-02-04 06:24:13,60.9167,-46.05,26.82,95,100,10.83
325,Port Lincoln,AU,2022-02-04 06:24:13,-34.7333,135.8667,68.18,54,51,14.85
326,New Baltimore,US,2022-02-04 06:24:14,42.6811,-82.7369,20.14,82,75,14.97
327,Sungaipenuh,ID,2022-02-04 06:24:15,-2.0833,101.3833,74.07,81,78,1.57
328,Yerbogachen,RU,2022-02-04 06:21:59,61.2767,108.0108,13.08,94,100,6.6
329,Douglas,US,2022-02-04 06:24:16,41.3,-96.167,9.9,57,0,1.99
330,Sakakah,SA,2022-02-04 06:24:17,29.9697,40.2064,53.17,47,1,11.25
331,Pangody,RU,2022-02-04 06:24:17,65.85,74.4859,3.25,99,95,5.46
332,Nileshwar,IN,2022-02-04 06:24:17,12.25,75.1,82.96,56,18,8.34
333,Necochea,AR,2022-02-04 06:24:18,-38.5473,-58.7368,63.03,96,66,3.94
334,Waddan,LY,2022-02-04 06:24:18,29.1614,16.139,44.91,81,0,4.7
335,Egvekinot,RU,2022-02-04 06:24:19,66.3167,-179.1667,-7.31,74,1,16.62
336,Merauke,ID,2022-02-04 06:24:19,-8.4667,140.3333,84.94,71,100,11.01
337,Hamilton,US,2022-02-04 06:24:20,39.1834,-84.5333,24.04,90,100,4.0
338,Port Hedland,AU,2022-02-04 06:24:20,-20.3167,118.5667,96.85,41,78,16.11
339,Abu Dhabi,AE,2022-02-04 06:23:34,24.4667,54.3667,71.71,72,20,2.3
340,Normandin,CA,2022-02-04 06:24:21,48.8333,-72.5321,-3.69,59,100,6.91
341,Krasnoselkup,RU,2022-02-04 06:24:21,65.7,82.4667,11.59,96,98,7.47
342,Tiksi,RU,2022-02-04 06:24:22,71.6872,128.8694,-9.76,100,100,5.7
343,Marsabit,KE,2022-02-04 06:24:22,2.3284,37.9899,69.46,60,100,15.43
344,Tutoia,BR,2022-02-04 06:21:48,-2.7619,-42.2744,79.7,81,74,10.42
345,Kununurra,AU,2022-02-04 06:24:23,-15.7667,128.7333,80.58,89,100,5.75
346,Launceston,AU,2022-02-04 06:24:23,-41.45,147.1667,74.84,35,1,5.01
347,Plettenberg Bay,ZA,2022-02-04 06:24:24,-34.0527,23.3716,63.63,79,100,4.03
348,Paris,FR,2022-02-04 06:20:04,48.8534,2.3488,45.77,95,100,1.99
349,Sterling,US,2022-02-04 06:24:25,39.0062,-77.4286,60.24,96,100,1.01
350,Poum,NC,2022-02-04 06:20:35,-20.2333,164.0167,82.04,83,98,9.78
351,Tommot,RU,2022-02-04 06:24:25,58.9564,126.2925,-3.69,91,100,7.52
352,Horsham,GB,2022-02-04 06:24:26,51.064,-0.3272,50.45,83,40,13.8
353,Aklavik,CA,2022-02-04 06:24:26,68.2191,-135.0107,-19.37,98,17,8.99
354,Henties Bay,NA,2022-02-04 06:21:56,-22.116,14.2845,65.86,83,3,4.88
355,Tarko-Sale,RU,2022-02-04 06:24:27,64.9225,77.785,16.9,95,100,8.84
356,Teocuitatlan De Corona,MX,2022-02-04 06:24:27,20.1167,-103.4,61.29,60,50,3.53
357,Souillac,MU,2022-02-04 06:24:28,-20.5167,57.5167,83.35,89,75,23.02
358,Thabazimbi,ZA,2022-02-04 06:24:28,-24.5917,27.4116,77.49,62,18,5.39
359,Chizhou,CN,2022-02-04 06:24:29,30.6578,117.4831,45.43,62,90,4.79
360,Palauig,PH,2022-02-04 06:24:29,15.435,119.9045,84.49,66,66,9.8
361,Arraial Do Cabo,BR,2022-02-04 06:24:30,-22.9661,-42.0278,75.56,91,100,5.39
362,Gamprin,LI,2022-02-04 06:24:30,47.2204,9.5094,41.43,80,4,1.01
363,Columbus,US,2022-02-04 06:23:02,39.9612,-82.9988,24.66,91,100,3.0
364,Diamantino,BR,2022-02-04 06:24:31,-14.4086,-56.4461,72.61,93,86,2.82
365,Kahului,US,2022-02-04 06:22:52,20.8947,-156.47,73.85,79,0,6.91
366,Samarai,PG,2022-02-04 06:25:31,-10.6167,150.6667,84.34,71,71,6.62
367,Scottsbluff,US,2022-02-04 06:25:32,41.8666,-103.6672,9.79,77,0,6.91
368,Los Algarrobos,PA,2022-02-04 06:25:32,8.5,-82.4333,71.31,80,20,3.51
369,Chernyshevskiy,RU,2022-02-04 06:25:33,63.0128,112.4714,-6.65,94,96,1.59
370,Naron,ES,2022-02-04 06:25:33,43.5167,-8.1528,53.69,90,100,7.47
371,Raga,SS,2022-02-04 06:22:38,8.4596,25.678,74.79,19,93,7.36
372,Faya,SA,2022-02-04 06:21:44,18.3851,42.4509,62.71,39,3,6.24
373,Gabu,GW,2022-02-04 06:25:34,12.2833,-14.2167,67.08,17,0,1.92
374,Bengkulu,ID,2022-02-04 06:25:35,-3.8004,102.2655,82.76,75,64,7.36
375,Dingle,PH,2022-02-04 06:22:37,10.9995,122.6711,78.8,78,80,17.43
376,Valdivia,CL,2022-02-04 06:22:18,-39.8142,-73.2459,56.1,99,29,2.28
377,Sinnamary,GF,2022-02-04 06:25:36,5.3833,-52.95,76.12,90,100,11.77
378,Goderich,CA,2022-02-04 06:25:36,43.7501,-81.7165,14.92,79,100,10.36
379,Olinda,BR,2022-02-04 06:25:37,-8.0089,-34.8553,78.53,83,75,6.91
380,Mirnyy,RU,2022-02-04 06:25:37,62.5353,113.9611,-2.67,94,96,2.08
381,Ishigaki,JP,2022-02-04 06:25:37,24.3448,124.1572,62.73,94,75,19.57
382,Redcar,GB,2022-02-04 06:25:38,54.6166,-1.06,41.52,64,100,3.0
383,Adrar,MR,2022-02-04 06:25:38,20.5022,-10.0711,57.56,25,1,10.78
384,Sao Joao Da Barra,BR,2022-02-04 06:25:39,-21.6403,-41.0511,73.27,94,94,3.15
385,Samaniego,CO,2022-02-04 06:25:39,1.3385,-77.5957,62.85,95,81,0.94
386,Saldanha,ZA,2022-02-04 06:25:40,-33.0117,17.9442,62.65,66,0,21.41
387,Victor Harbor,AU,2022-02-04 06:25:40,-35.5667,138.6167,82.8,70,1,3.0
388,Kosh-Agach,RU,2022-02-04 06:25:41,50.0,88.6667,-11.06,93,93,1.86
389,Moranbah,AU,2022-02-04 06:22:02,-22.0016,148.0466,83.55,53,100,15.41
390,Geraldton,AU,2022-02-04 06:25:42,-28.7667,114.6,99.01,16,0,16.11
391,Kuopio,FI,2022-02-04 06:25:42,62.8924,27.677,-0.45,85,100,4.61
392,Sacramento,US,2022-02-04 06:21:45,38.4666,-121.3177,49.87,80,0,4.61
393,Nouakchott,MR,2022-02-04 06:24:52,18.0858,-15.9785,64.33,26,0,11.3
394,Cairns,AU,2022-02-04 06:21:50,-16.9167,145.7667,89.55,58,75,4.61
395,Pinawa,CA,2022-02-04 06:25:43,50.1489,-95.8811,-4.0,98,100,4.07
396,Erzin,TR,2022-02-04 06:25:44,36.9559,36.2,45.32,81,98,5.1
397,Mount Gambier,AU,2022-02-04 06:25:44,-37.8333,140.7667,73.31,46,40,21.85
398,Tamandare,BR,2022-02-04 06:25:45,-8.7597,-35.1047,80.04,67,84,7.18
399,Alta Floresta,BR,2022-02-04 06:25:45,-9.8756,-56.0861,70.14,97,57,1.05
400,Cork,IE,2022-02-04 06:25:46,51.898,-8.4706,39.04,90,40,8.05
401,Kapuskasing,CA,2022-02-04 06:22:02,49.4169,-82.4331,-29.11,75,0,1.14
402,Ryotsu,JP,2022-02-04 06:25:46,38.0833,138.4333,35.56,75,100,3.71
403,Portland,US,2022-02-04 06:23:20,45.5234,-122.6762,43.25,94,20,4.0
404,Wawa,NG,2022-02-04 06:25:47,9.9022,4.4192,68.61,21,3,5.39
405,Komsomolskiy,UZ,2022-02-04 06:25:48,40.4272,71.7189,42.22,56,1,0.0
406,Pijijiapan,MX,2022-02-04 06:25:48,15.7011,-93.23,71.69,76,0,4.16
407,Hasaki,JP,2022-02-04 06:25:49,35.7333,140.8333,50.29,65,100,4.27
408,Ashiya,JP,2022-02-04 06:25:49,34.7281,135.3026,50.56,46,40,1.01
409,Mehamn,NO,2022-02-04 06:25:50,71.0357,27.8492,21.38,80,59,15.57
410,Aksarka,RU,2022-02-04 06:25:50,66.5606,67.7975,-1.08,97,99,0.63
411,La Rioja,ES,2022-02-04 06:25:51,42.25,-2.5,41.31,52,91,3.02
412,Salym,RU,2022-02-04 06:25:51,60.0625,71.4789,24.64,93,100,9.31
413,Coahuayana,MX,2022-02-04 06:26:51,18.7333,-103.6833,65.86,75,25,3.53
414,Uruzgan,AF,2022-02-04 06:26:52,32.8333,66.0,36.72,20,5,6.93
415,Jalingo,NG,2022-02-04 06:26:52,8.8833,11.3667,68.2,21,12,5.86
416,Bulungu,CD,2022-02-04 06:26:53,-4.55,18.6,68.58,97,100,3.6
417,Gandajika,CD,2022-02-04 06:26:53,-6.75,23.95,64.6,97,100,4.05
418,Twin Falls,US,2022-02-04 06:26:54,42.3505,-114.6445,10.74,92,0,3.44
419,Port Hueneme,US,2022-02-04 06:26:37,34.1478,-119.1951,60.33,27,20,4.61
420,Sechura,PE,2022-02-04 06:26:54,-5.5569,-80.8222,70.45,82,79,8.55
421,Atikokan,CA,2022-02-04 06:26:55,48.7555,-91.6216,-10.57,97,100,2.68
422,Springville,US,2022-02-04 06:26:55,40.1652,-111.6107,23.02,72,0,1.01
423,Soyo,AO,2022-02-04 06:26:56,-6.1349,12.3689,73.45,76,100,3.67
424,Erzincan,TR,2022-02-04 06:26:56,39.75,39.5,29.5,93,75,1.14
425,El Prat De Llobregat,ES,2022-02-04 06:26:57,41.3278,2.0947,52.97,78,20,10.36
426,Mujiayingzi,CN,2022-02-04 06:26:57,42.1167,118.7833,14.5,36,0,16.87
427,Yar-Sale,RU,2022-02-04 06:22:31,66.8333,70.8333,-2.04,99,96,4.45
428,Inirida,CO,2022-02-04 06:26:58,3.8653,-67.9239,72.19,90,52,1.21
429,Sovetskiy,RU,2022-02-04 06:26:58,61.3614,63.5842,14.11,96,92,3.67
430,Bandarbeyla,SO,2022-02-04 06:26:59,9.4942,50.8122,78.13,56,1,15.17
431,Bad Wildungen,DE,2022-02-04 06:27:00,51.1196,9.1248,41.0,88,100,10.36
432,Faanui,PF,2022-02-04 06:27:00,-16.4833,-151.75,81.23,72,10,15.1
433,Tamiahua,MX,2022-02-04 06:27:00,21.2667,-97.45,58.44,90,100,21.23
434,Tonantins,BR,2022-02-04 06:27:01,-2.8731,-67.8022,72.41,99,99,1.43
435,Imbituba,BR,2022-02-04 06:27:01,-28.24,-48.6703,77.83,94,46,13.18
436,Asau,RO,2022-02-04 06:27:02,46.4333,26.4,22.28,86,26,6.35
437,Nome,US,2022-02-04 06:27:03,64.5011,-165.4064,8.67,53,0,29.93
438,Visby,SE,2022-02-04 06:27:03,57.6409,18.296,37.62,93,100,12.66
439,Muros,ES,2022-02-04 06:27:04,42.7762,-9.0603,53.24,94,100,7.23
440,Medicine Hat,CA,2022-02-04 06:27:04,50.0501,-110.6683,4.71,74,100,1.99
441,Omsukchan,RU,2022-02-04 06:27:05,62.5333,155.8,-14.84,71,36,8.77
442,Tamworth,GB,2022-02-04 06:27:05,52.634,-1.6959,40.46,92,100,5.99
443,Camana,PE,2022-02-04 06:27:06,-16.6228,-72.7111,70.47,84,86,8.05
444,Yaan,NG,2022-02-04 06:27:06,7.3833,8.5667,71.4,16,5,3.98
445,Taunggyi,MM,2022-02-04 06:27:07,20.7833,97.0333,73.92,19,2,4.79
446,Vallenar,CL,2022-02-04 06:27:07,-28.5708,-70.7581,63.61,67,0,0.34
447,Matay,EG,2022-02-04 06:27:07,28.419,30.7792,51.21,54,15,16.73
448,Shimoda,JP,2022-02-04 06:27:08,34.6667,138.95,48.56,45,86,11.81
449,Puerto Madero,MX,2022-02-04 06:27:08,14.7208,-92.4215,71.8,100,0,0.0
450,Noumea,NC,2022-02-04 06:27:09,-22.2763,166.4572,85.98,87,93,2.33
451,High Level,CA,2022-02-04 06:27:09,58.5169,-117.136,-14.69,76,100,4.61
452,Girona,ES,2022-02-04 06:24:55,41.9831,2.8249,53.49,93,40,0.0
453,Black River,JM,2022-02-04 06:27:10,18.0264,-77.8487,77.0,86,5,5.32
454,Berezovyy,RU,2022-02-04 06:27:10,51.6667,135.7,7.23,87,100,2.15
455,San Quintin,MX,2022-02-04 06:27:11,30.4833,-115.95,54.77,65,0,2.19
456,Pochutla,MX,2022-02-04 06:27:11,15.7432,-96.4661,71.82,72,0,3.67
457,Hofn,IS,2022-02-04 06:27:12,64.2539,-15.2082,31.24,56,100,17.85
458,Nalut,LY,2022-02-04 06:27:12,30.3333,10.85,41.45,75,0,6.53
459,Abalak,RU,2022-02-04 06:28:13,58.1286,68.5944,28.36,96,100,8.84
460,Staronizhestebliyevskaya,RU,2022-02-04 06:28:13,45.3767,38.4517,34.09,91,100,8.52
461,Mananara,MG,2022-02-04 06:28:14,-16.1667,49.7667,87.15,58,99,8.7
462,Srednekolymsk,RU,2022-02-04 06:28:14,67.45,153.6833,-33.12,100,65,1.68
463,Sarangani,PH,2022-02-04 06:28:14,5.4033,125.4636,79.43,82,98,22.41
464,Miraflores,MX,2022-02-04 06:28:15,19.2167,-98.8083,61.03,69,1,2.77
465,Islamkot,PK,2022-02-04 06:28:15,24.6997,70.177,74.3,24,0,10.65
466,Bintulu,MY,2022-02-04 06:28:16,3.1667,113.0333,75.61,94,40,9.22
467,Tumpat,MY,2022-02-04 06:28:16,6.1978,102.171,88.93,79,40,13.8
468,Tura,IN,2022-02-04 06:28:17,25.5198,90.2201,57.07,96,100,4.65
469,Tautira,PF,2022-02-04 06:28:17,-17.7333,-149.15,82.42,76,34,14.03
470,Mamlyutka,KZ,2022-02-04 06:28:17,54.9375,68.5394,23.02,81,100,14.36
471,Sangar,RU,2022-02-04 06:28:18,63.9242,127.4739,-20.78,96,99,3.67
472,Srivardhan,IN,2022-02-04 06:28:18,18.0333,73.0167,78.49,50,55,7.74
473,Comodoro Rivadavia,AR,2022-02-04 06:24:59,-45.8667,-67.5,58.86,94,75,16.11
474,Mosquera,CO,2022-02-04 06:28:19,4.7059,-74.2302,48.29,81,88,3.44
475,Nemuro,JP,2022-02-04 06:28:20,43.3236,145.575,27.03,67,57,10.04
476,Minab,IR,2022-02-04 06:28:20,27.1467,57.0801,72.9,25,0,0.74
477,Tuatapere,NZ,2022-02-04 06:28:21,-46.1333,167.6833,54.82,87,100,3.22
478,Palmares Do Sul,BR,2022-02-04 06:28:21,-30.2578,-50.5097,75.51,87,100,6.64
479,Warwick,US,2022-02-04 06:28:22,41.7001,-71.4162,52.34,97,100,11.5
480,Batagay-Alyta,RU,2022-02-04 06:28:22,67.8006,130.4114,-20.38,99,99,2.53
481,Cap-Aux-Meules,CA,2022-02-04 06:28:23,47.3821,-61.8597,23.02,93,100,19.57
482,Nakusp,CA,2022-02-04 06:28:23,50.2499,-117.8023,25.47,93,98,1.14
483,Nyrob,RU,2022-02-04 06:28:24,60.733,56.7202,3.47,98,100,3.02
484,Kerrville,US,2022-02-04 06:28:24,30.0474,-99.1403,20.68,80,0,3.0
485,Katobu,ID,2022-02-04 06:28:25,-4.9408,122.5276,89.85,53,49,7.63
486,Bela,IN,2022-02-04 06:28:25,25.9333,81.9833,61.36,80,91,0.07
487,Zhigansk,RU,2022-02-04 06:28:20,66.7697,123.3711,-27.72,96,90,4.07
488,Turtas,RU,2022-02-04 06:28:26,58.9417,69.1325,28.8,93,100,8.25
489,Nishihara,JP,2022-02-04 06:28:26,26.1842,127.7558,61.88,77,75,24.16
490,Grand Gaube,MU,2022-02-04 06:28:27,-20.0064,57.6608,83.37,81,99,13.0
491,Xiamen,CN,2022-02-04 06:26:52,24.4798,118.0819,57.25,77,100,6.71
492,Nueva Londres,PY,2022-02-04 06:28:27,-25.4045,-56.5498,73.29,96,33,2.91
493,Surgut,RU,2022-02-04 06:27:14,61.25,73.4167,21.38,85,75,8.99
494,Contamana,PE,2022-02-04 06:28:28,-7.3333,-75.0167,72.52,93,100,1.99
495,Talaya,RU,2022-02-04 06:28:28,61.3833,152.75,-24.61,99,67,4.61
496,Kattivakkam,IN,2022-02-04 06:28:29,13.2167,80.3167,87.89,70,30,7.2
497,Bend,US,2022-02-04 06:28:29,44.0582,-121.3153,38.48,74,0,1.01
498,Husavik,IS,2022-02-04 06:26:44,66.0449,-17.3389,24.71,75,99,19.69
499,Katima Mulilo,NA,2022-02-04 06:28:30,-17.5,24.2667,71.2,82,100,0.76
500,Dodoma,TZ,2022-02-04 06:28:30,-6.1722,35.7395,69.62,86,100,1.01
501,Iqaluit,CA,2022-02-04 06:28:31,63.7506,-68.5145,-7.87,59,100,13.8
502,Asilah,MA,2022-02-04 06:28:31,35.465,-6.0348,58.86,58,100,2.93
503,Susurluk,TR,2022-02-04 06:28:32,39.9136,28.1578,40.78,86,55,7.4
504,Hovd,MN,2022-02-04 06:28:32,48.0056,91.6419,-0.44,80,16,3.58
505,Abay,KZ,2022-02-04 06:28:32,49.6311,72.8539,12.58,67,2,3.94
506,Harlingen,US,2022-02-04 06:27:38,26.1906,-97.6961,40.32,63,100,21.85
507,Mecca,SA,2022-02-04 06:29:33,21.4267,39.8261,71.69,66,60,12.86
508,Ponta Delgada,PT,2022-02-04 06:29:34,37.7333,-25.6667,59.5,77,20,12.66
509,Rongcheng,CN,2022-02-04 06:29:34,30.634,117.8517,44.82,67,97,3.89
510,Mount Isa,AU,2022-02-04 06:29:35,-20.7333,139.5,89.37,25,100,12.66
511,Garelochhead,GB,2022-02-04 06:29:35,56.082,-4.8291,39.22,86,66,10.07
512,Kasongo-Lunda,CD,2022-02-04 06:29:35,-6.4667,16.8167,69.96,98,100,0.58
513,Harper,LR,2022-02-04 06:29:36,4.375,-7.7169,77.29,84,60,3.85
514,Chapais,CA,2022-02-04 06:25:17,49.7834,-74.8492,-33.02,100,39,2.82
515,Chara,RU,2022-02-04 06:29:37,56.9064,118.2631,-9.22,94,76,1.66
516,Verkhnyaya Inta,RU,2022-02-04 06:29:37,65.9811,60.3094,15.73,96,100,6.44
517,Broome,US,2022-02-04 06:29:38,42.2506,-75.833,27.66,85,100,4.0
518,Atherton,GB,2022-02-04 06:29:38,53.5237,-2.4935,39.88,88,100,4.0
519,Vicar,ES,2022-02-04 06:29:39,36.8316,-2.6427,46.6,52,19,3.36
520,Muravlenko,RU,2022-02-04 06:29:39,63.7898,74.523,17.87,96,99,4.79
521,Lobito,AO,2022-02-04 06:29:39,-12.3481,13.5456,73.78,76,89,2.71
522,Oranjestad,AW,2022-02-04 06:25:07,12.524,-70.027,78.75,83,40,16.11
523,Peru,US,2022-02-04 06:29:40,40.7537,-86.0689,19.53,89,100,12.19
524,Pasaco,GT,2022-02-04 06:29:40,13.9772,-90.2064,71.01,82,2,4.52
525,Cam Ranh,VN,2022-02-04 06:29:41,11.9214,109.1591,84.16,61,20,16.11
526,Chardara,KZ,2022-02-04 06:29:42,41.2547,67.9692,46.09,32,1,8.72
527,Kaeo,NZ,2022-02-04 06:29:42,-35.1,173.7833,73.33,90,97,9.15
528,Saint-Augustin,CA,2022-02-04 06:29:43,51.226,-58.6502,2.3,73,100,14.67
529,Sayyan,YE,2022-02-04 06:29:43,15.1718,44.3244,58.64,28,0,0.76
530,Kapit,MY,2022-02-04 06:29:44,2.0167,112.9333,83.98,82,86,2.55
531,Mogwase,ZA,2022-02-04 06:29:44,-25.185,27.2665,73.6,64,47,5.48
532,Hetauda,NP,2022-02-04 06:29:44,27.4284,85.0322,58.01,89,100,2.53
533,Trincomalee,LK,2022-02-04 06:29:45,8.5711,81.2335,79.09,65,7,6.24
534,Bahia Blanca,AR,2022-02-04 06:29:45,-38.7196,-62.2724,70.48,63,35,2.48
535,Kronach,DE,2022-02-04 06:29:46,50.2396,11.3331,40.55,93,100,6.69
536,Rio Grande,BR,2022-02-04 06:25:10,-32.035,-52.0986,71.94,92,100,12.35
537,Energeticheskiy,KZ,2022-02-04 06:29:46,43.4278,77.0222,23.56,93,100,2.24
538,Conceicao Do Araguaia,BR,2022-02-04 06:29:47,-8.2578,-49.2647,71.47,95,43,2.17
539,Marsh Harbour,BS,2022-02-04 06:29:47,26.5412,-77.0636,73.36,62,34,16.67
540,Hami,CN,2022-02-04 06:29:48,42.8,93.45,29.59,26,9,3.76
541,Quatre Cocos,MU,2022-02-04 06:29:48,-20.2078,57.7625,83.08,85,99,20.02
542,Kailaras,IN,2022-02-04 06:29:49,26.3167,77.6167,68.14,32,0,12.5
543,Matara,LK,2022-02-04 06:29:49,5.9485,80.5353,84.92,60,32,5.23
544,Morro Bay,US,2022-02-04 06:29:49,35.3658,-120.8499,50.45,81,29,1.01
545,Mouila,GA,2022-02-04 06:29:50,-1.8685,11.0559,72.03,96,100,0.89
546,Maracacume,BR,2022-02-04 06:29:50,-2.0428,-45.9592,72.0,98,100,2.46
547,Lamu,KE,2022-02-04 06:29:51,-2.2717,40.902,82.62,78,100,10.8
548,Kavaratti,IN,2022-02-04 06:29:51,10.5669,72.642,79.45,65,9,9.19
549,Maniitsoq,GL,2022-02-04 06:29:52,65.4167,-52.9,10.38,88,100,8.1
550,Smolensk,RU,2022-02-04 06:29:52,55.0,33.0,3.04,99,71,4.79
551,Ambulu,ID,2022-02-04 06:29:52,-8.345,113.6058,85.75,65,98,7.52
552,Rawson,AR,2022-02-04 06:30:53,-43.3002,-65.1023,72.05,49,100,14.29
553,Flinders,AU,2022-02-04 06:30:53,-34.5833,150.8552,76.17,55,43,8.99
554,Ancud,CL,2022-02-04 06:30:54,-41.8697,-73.8203,58.23,95,88,4.03
555,Luan,CH,2022-02-04 06:30:54,46.3592,6.9759,33.91,97,3,4.0
556,Roanoke Rapids,US,2022-02-04 06:30:55,36.4615,-77.6542,64.2,100,40,11.5
557,Sydney,AU,2022-02-04 06:30:21,-33.8679,151.2073,75.88,63,40,7.0
